"Block","Section","Indicator","Value","Rank (states/UTs)","Reference Period","Source","Comments"
"A","A1 - Geography","Capital city","Hyderabad","N/A","N/A","telangana.gov.in",""
"A","A1 - Geography","Area (sq km)","112077","11th","Current","telangana.gov.in","Rank 1 = largest"
"A","A1 - Geography","No. of Districts","33","N/A","Post-2019 reorganisation","telangana.gov.in","Expanded from 10 at state formation 2014"
"A","A1 - Geography","No. of Revenue Mandals","621","N/A","2024-25","Socio-Economic Outlook 2025 - telangana.gov.in",""
"A","A1 - Geography","No. of Gram Panchayats","12941","N/A","2024-25","Socio-Economic Outlook 2025 - telangana.gov.in",""
"A","A1 - Geography","No. of Revenue Villages","10434 (inhabited: 9834)","N/A","Census 2011","censusindia.gov.in",""
"A","A1 - Geography","No. of Municipalities / ULBs","73 approx","N/A","Post-2016 estimate","State records","Count changed with district reorganisation"
"A","A1 - Geography","No. of Assembly Constituencies","119","N/A","ECI delimitation","eci.gov.in","19 SC reserved; 12 ST reserved"
"A","A1 - Geography","No. of Lok Sabha seats","17","N/A","ECI","eci.gov.in",""
"A","A2 - Political Context","Ruling party","Indian National Congress (INC)","N/A","December 2023 to present","cm.telangana.gov.in","Won 64/119 seats in November 2023 elections"
"A","A2 - Political Context","Chief Minister","A. Revanth Reddy","N/A","7 December 2023","cm.telangana.gov.in",""
"A","A2 - Political Context","Date CM assumed office","7 December 2023","N/A","N/A","cm.telangana.gov.in",""
"A","A2 - Political Context","CM Economic / Advisory Council","[UNCONFIRMED] No formal EAC constituted as of May 2025","N/A","May 2025","Search confirmed no gazette notification",""
"A","A3 - Cabinet (as of 11 June 2025)","CM - A. Revanth Reddy","GAD | Home | MA&UD | Commercial Taxes | Education | Law | Public Enterprises","N/A","11 June 2025","scribd.com/document/875141337/Tg-Cabinet-Ministers-Latest",""
"A","A3 - Cabinet (as of 11 June 2025)","Dy CM - Batti Vikramarka Mallu","Finance & Planning | Energy","N/A","11 June 2025","scribd.com/document/875141337",""
"A","A3 - Cabinet (as of 11 June 2025)","Nalamada Uttam Kumar Reddy","Irrigation & CAD | Food & Civil Supplies","N/A","11 June 2025","scribd.com/document/875141337",""
"A","A3 - Cabinet (as of 11 June 2025)","Duddilla Sridhar Babu","IT & Electronics | Industries & Commerce | Legislative Affairs","N/A","11 June 2025","scribd.com/document/875141337",""
"A","A3 - Cabinet (as of 11 June 2025)","Ponguleti Srinivas Reddy","Revenue | Housing | Information & PR","N/A","11 June 2025","scribd.com/document/875141337",""
"A","A3 - Cabinet (as of 11 June 2025)","Tummala Nageshwara Rao","Agriculture | Marketing | Co-operation | Handlooms & Textiles","N/A","11 June 2025","scribd.com/document/875141337",""
"A","A3 - Cabinet (as of 11 June 2025)","Ponnam Prabhakar","Transport | BC Welfare","N/A","11 June 2025","scribd.com/document/875141337",""
"A","A3 - Cabinet (as of 11 June 2025)","Konda Surekha","Environment & Forests | Endowments","N/A","11 June 2025","scribd.com/document/875141337",""
"A","A3 - Cabinet (as of 11 June 2025)","Danasari Anasuya Seethakka","Panchayat Raj & Rural Development | Women & Child Welfare","N/A","11 June 2025","scribd.com/document/875141337",""
"A","A3 - Cabinet (as of 11 June 2025)","Jupally Krishna Rao","Prohibition & Excise | Tourism & Culture | Archaeology","N/A","11 June 2025","scribd.com/document/875141337",""
"A","A3 - Cabinet (as of 11 June 2025)","C. Damodar Rajanarasimha","Health | Medical & Family Welfare | Science & Technology","N/A","11 June 2025","scribd.com/document/875141337",""
"A","A3 - Cabinet (as of 11 June 2025)","Komatireddy Venkat Reddy","Roads & Buildings | Cinematography","N/A","11 June 2025","scribd.com/document/875141337",""
"A","A3 - Cabinet (as of 11 June 2025)","G. Vivek Venkatswamy","Labour | Employment | Training & Factories | Mines & Geology","N/A","11 June 2025","newsonair.gov.in; scribd.com/document/875141337","Inducted 8 June 2025"
"A","A3 - Cabinet (as of 11 June 2025)","Adluri Laxman Kumar","SC Development | Tribal Welfare | Minorities Welfare | PwD/Senior Citizens/Transgender","N/A","11 June 2025","newsonair.gov.in; siasat.com","Inducted 8 June 2025"
"A","A3 - Cabinet (as of 11 June 2025)","Vakiti Srihari","Animal Husbandry | Dairy Development & Fisheries | Sports & Youth Services","N/A","11 June 2025","newsonair.gov.in; scribd.com/document/875141337","Inducted 8 June 2025"
"A","A4 - Key Secretaries","Chief Secretary","K. Ramakrishna Rao (IAS 1991 TG cadre)","N/A","From 1 May 2025","newsonair.gov.in; thesecretariat.in","Succeeded A. Santhi Kumari on her superannuation; also holds additional charge of Finance"
"A","A4 - Key Secretaries","Pr. Secretary - Finance","Sandeep Kumar Sultania (IAS 1998)","N/A","From 12 May 2025","egov.eletsonline.com/2025/05/sandeep-kumar-sultania-appointed-as-new-finance-secretary-of-telangana","Also holds additional charge of Planning and PR&RD"
"A","A4 - Key Secretaries","Pr. Secretary - Planning","Sandeep Kumar Sultania (IAS 1998) - additional charge","N/A","From 12 May 2025","egov.eletsonline.com/2025/05/sandeep-kumar-sultania-appointed-as-new-finance-secretary-of-telangana","Holds Finance Planning and PR&RD simultaneously"
"A","A4 - Key Secretaries","Secretary - Health & Family Welfare","Dr. Christina Z. Chongthu (IAS)","N/A","2025","hyderabadstories.com/bureaucrats/christina-z-chongthu; health.telangana.gov.in","Confirmed in Deccan Chronicle Feb 2025 news report"
"A","A4 - Key Secretaries","Secretary - School Education","Dr. Yogita Rana (IAS)","N/A","2025","schooledu.telangana.gov.in/contactus; htsyndication.com June 2025","Confirmed chairing Intermediate review meeting June 2025"
"A","A4 - Key Secretaries","Pr. Secretary - WD & CW","[UNCONFIRMED]","N/A","N/A","telangana.gov.in/departments/women-and-child-development","Portfolio under Minister Danasari Anasuya Seethakka"
"A","A4 - Key Secretaries","Mission Director / DG - NHM","[UNCONFIRMED]","N/A","N/A","nhm.gov.in",""
"B","B1 - Demography","Population","35003674 (35.0 million)","12th","Census 2011","censusindia.gov.in","Rank 1 = most populous; 2021 census not released"
"B","B1 - Demography","Projected Population","approx. 4.0 to 4.2 crore","[UNCONFIRMED]","2024-25 estimate","Caste survey 2024 covered 3.54 cr (96.9%)","No official MoSPI projection confirmed"
"B","B1 - Demography","Population Density (per sq km)","312","N/A","Census 2011","censusindia.gov.in","Rank 1 = highest"
"B","B1 - Demography","Urban Population (%)","38.88%","N/A","Census 2011","censusindia.gov.in",""
"B","B1 - Demography","HHs in kuccha houses (%)","[UNCONFIRMED]","N/A","Census 2011 Housing Tables (HH-6 series)","censusindia.gov.in","Requires Census Housing Tables direct download"
"B","B1 - Demography","SC Population (%)","15.45%","N/A","Census 2011","censusindia.gov.in",""
"B","B1 - Demography","ST Population (%)","9.08%","N/A","Census 2011","censusindia.gov.in",""
"B","B1 - Demography","Sex Ratio (females per 1000 males)","988","N/A","Census 2011","censusindia.gov.in","State average; sex ratio at birth = 894 (NFHS-5)"
"B","B2 - Output & Income","GSDP - current prices (Rs crore)","1961701 (projected 2026-27)","8th","2026-27 projection","prsindia.org/budgets/states/telangana-budget-analysis-2026-27","Rank 1 = largest; 2024-25: Rs 1612579 crore"
"B","B2 - Output & Income","GSDP Growth Rate - constant prices (%)","6.8%","[UNCONFIRMED rank]","2024-25","prsindia.org/budgets/states/telangana-budget-analysis-2026-27","National GDP growth 6.5% in 2024-25; 10% projected growth in 2026-27"
"B","B2 - Output & Income","GSDP per Capita - current prices (Rs)","420347","5th","2024-25","prsindia.org/budgets/states/telangana-budget-analysis-2026-27","Rank 1 = highest; national avg Rs 234859; 1.8x national average"
"B","B2 - Output & Income","GSDP per Capita (USD)","approx. USD 5000","5th","2024-25","Derived at approx. Rs 84/USD","Approximate"
"B","B2 - Output & Income","Primary sector share of GSVA (%)","17%","N/A","2024-25","prsindia.org/budgets/states/telangana-budget-analysis-2026-27",""
"B","B2 - Output & Income","Secondary sector share of GSVA (%)","16%","N/A","2024-25","prsindia.org/budgets/states/telangana-budget-analysis-2026-27",""
"B","B2 - Output & Income","Tertiary sector share of GSVA (%)","66%","N/A","2024-25","prsindia.org/budgets/states/telangana-budget-analysis-2026-27","Services dominant"
"B","B2 - Output & Income","Major industries","IT/ITES (2nd largest hub nationally) | Pharmaceuticals (largest cluster nationally) | Agriculture (rice/cotton/chillies) | Coal (Singareni) | Manufacturing","N/A","N/A","Socio-Economic Outlook 2025 - telangana.gov.in",""
"B","B3 - Labour & Prices","LFPR - overall (%)","68.7% (rural 75%; female 52.7%)","N/A","PLFS 2023-24","Socio-Economic Outlook 2025 - telangana.gov.in","7.4pp above national rural avg of 64.3%"
"B","B3 - Labour & Prices","Unemployment Rate - Rural usual status (%)","[UNCONFIRMED]","N/A","PLFS 2023-24","RBI Handbook T8 - rbi.org.in","RBI PDF CAPTCHA-blocked"
"B","B3 - Labour & Prices","Unemployment Rate - Urban usual status (%)","[UNCONFIRMED]","N/A","PLFS 2023-24","RBI Handbook T9 - rbi.org.in","RBI PDF CAPTCHA-blocked"
"B","B3 - Labour & Prices","Average CPI Inflation - General (%)","approx. 6.65%","5th highest","December 2023","Telangana Budget 2024-25; RBI Handbook T108","Slightly above national avg of 5.69%"
"B","B4 - Agriculture & Environment","Net Sown Area (lakh ha)","[UNCONFIRMED]","N/A","RBI Handbook T54","rbi.org.in","RBI PDF CAPTCHA-blocked"
"B","B4 - Agriculture & Environment","Gross Irrigated Area (lakh ha)","[UNCONFIRMED]","N/A","RBI Handbook T55","rbi.org.in","Major rivers: Godavari and Krishna"
"B","B4 - Agriculture & Environment","Total Foodgrain Production (lakh MT)","[UNCONFIRMED]","N/A","RBI Handbook T62","rbi.org.in",""
"B","B4 - Agriculture & Environment","Forest Cover (% of state area)","[UNCONFIRMED]","N/A","FSI State of Forest Report","fsi.nic.in",""
"B","B4 - Agriculture & Environment","Groundwater Extraction","79% of catchment areas (flagged as stress)","[UNCONFIRMED rank]","2024-25","Socio-Economic Outlook 2025",""
"C","C1 - Budget","Total Expenditure excl. debt repayment (Rs crore)","301209","[UNCONFIRMED rank]","2026-27 BE","prsindia.org/budgets/states/telangana-budget-analysis-2026-27","15% increase over 2025-26 RE"
"C","C1 - Budget","Revenue Expenditure (Rs crore)","234406","N/A","2026-27 BE","prsindia.org/budgets/states/telangana-budget-analysis-2026-27","2024-25 actuals: Rs 177224 crore"
"C","C1 - Budget","Capital Outlay (Rs crore)","47267","N/A","2026-27 BE","prsindia.org/budgets/states/telangana-budget-analysis-2026-27","30% increase over 2025-26 RE; 2024-25 actuals: Rs 36072 crore"
"C","C1 - Budget","Loans given by the state (Rs crore)","19536","N/A","2026-27 BE","prsindia.org/budgets/states/telangana-budget-analysis-2026-27","2024-25 actuals: Rs 4855 crore"
"C","C1 - Budget","Own Tax Revenue (Rs crore)","148186","N/A","2026-27 BE","prsindia.org/budgets/states/telangana-budget-analysis-2026-27","2024-25 actuals: Rs 109233 crore"
"C","C1 - Budget","Own Tax Revenue as % of GSDP","7.6%","N/A","2026-27 BE","prsindia.org/budgets/states/telangana-budget-analysis-2026-27","2024-25 actuals: 6.8%"
"C","C1 - Budget","15th FC Tax Devolution (Rs crore)","33182","N/A","2026-27 BE","prsindia.org/budgets/states/telangana-budget-analysis-2026-27","14% of revenue receipts; 2024-25 actuals: Rs 27050 crore"
"C","C1 - Budget","Committed Expenditure - Salaries (Rs crore)","49463","N/A","2025-26 RE","prsindia.org/budgets/states/telangana-budget-analysis-2026-27","2024-25 actuals: Rs 46784 crore"
"C","C1 - Budget","Committed Expenditure - Pension (Rs crore)","14737","N/A","2026-27 BE","prsindia.org/budgets/states/telangana-budget-analysis-2026-27","2024-25 actuals: Rs 16950 crore"
"C","C1 - Budget","Committed Expenditure - Interest payments (Rs crore)","21304","N/A","2026-27 BE","prsindia.org/budgets/states/telangana-budget-analysis-2026-27","2024-25 actuals: Rs 27803 crore; 17% of revenue receipts"
"C","C1 - Budget","Committed expenditure as % of revenue receipts","55% (2024-25 actuals); approx. 40% (2025-26 RE)","N/A","2024-25 actuals; 2025-26 RE","prsindia.org/budgets/states/telangana-budget-analysis-2026-27","Declining due to debt restructuring"
"C","C1b - Top Sector Expenditure","1st: Welfare of SC/ST/OBC & Minorities (Rs crore)","34883","N/A","2026-27 BE","prsindia.org/budgets/states/telangana-budget-analysis-2026-27","Includes Rs 5800 cr Rajiv Yuva Vikasam; Rs 5000 cr Young India Integrated Residential Schools"
"C","C1b - Top Sector Expenditure","2nd: Education/Sports/Arts/Culture (Rs crore)","27663","N/A","2026-27 BE","prsindia.org/budgets/states/telangana-budget-analysis-2026-27","Rs 6837 cr primary; Rs 9117 cr secondary"
"C","C1b - Top Sector Expenditure","3rd: Social Welfare & Nutrition (Rs crore)","24428","N/A","2026-27 BE","prsindia.org/budgets/states/telangana-budget-analysis-2026-27","Rs 14861 cr Cheyutha pension"
"C","C1b - Top Sector Expenditure","Agriculture & Allied (Rs crore)","25686","N/A","2026-27 BE","prsindia.org/budgets/states/telangana-budget-analysis-2026-27","Rs 18000 cr Rythu Bharosa"
"C","C1b - Top Sector Expenditure","Health & Family Welfare (Rs crore)","13997","N/A","2026-27 BE","prsindia.org/budgets/states/telangana-budget-analysis-2026-27","13% increase over 2025-26 RE"
"C","C2 - Fiscal Position","Fiscal Deficit (Rs crore)","58459","N/A","2026-27 BE","prsindia.org/budgets/states/telangana-budget-analysis-2026-27","2024-25 actuals: Rs 48922 crore = 3.0% of GSDP"
"C","C2 - Fiscal Position","Fiscal Deficit as % of GSDP","3.0%","N/A","2026-27 BE","prsindia.org/budgets/states/telangana-budget-analysis-2026-27","At FRBM ceiling; 2025-26 RE was 3.2%"
"C","C2 - Fiscal Position","Revenue Balance as % of GSDP","Surplus 0.3% (Rs 6858 crore)","N/A","2026-27 BE","prsindia.org/budgets/states/telangana-budget-analysis-2026-27","Revenue deficit of 0.6% in 2024-25 actuals"
"C","C2 - Fiscal Position","Outstanding Liabilities as % of GSDP","28.7%","N/A","2026-27 BE","prsindia.org/budgets/states/telangana-budget-analysis-2026-27","28.3% in 2025-26 RE"
"C","C2 - Fiscal Position","Outstanding Government Guarantees (Rs crore)","241743 (14% of GSDP)","N/A","As of 28 February 2026","prsindia.org/budgets/states/telangana-budget-analysis-2026-27","Guarantees to State Public Sector Enterprises"
"C","C3 - Policy Events","Stamp Duty - last rate revision","[UNCONFIRMED]","N/A","N/A","registration.telangana.gov.in; newspapers as fallback",""
"C","C3 - Policy Events","SFC - last functional report year","[UNCONFIRMED]","N/A","N/A","Telangana Finance Dept; newspapers as fallback",""
"C","C3 - Policy Events","Pay Commission - last implementation","[UNCONFIRMED]","N/A","N/A","Telangana Finance Dept; newspapers as fallback",""
"C","C3 - Policy Events","PRI/ULB Elections - last held","Several ULB elections Dec 2020; Nirmal Municipal Corp 2025","N/A","2020-2025","State Election Commission; news reports","Several elections still pending"
"C","C3 - Policy Events","Industrial Policy - last revision","Telangana Industrial Policy 2020-25","N/A","2020","TSIIC - tsiic.telangana.gov.in","New policy under preparation for post-2025"
"C","C3 - Policy Events","Caste Census - conducted?","Yes - SEEEPC Survey","N/A","Nov-Dec 2024 (data tabled 4 Feb 2025)","thenewsminute.com","BCs = 56.33%; covered 96.9% of households; conducted by Planning Dept"
"C","C4 - Economic Survey","Title","Socio-Economic Outlook (annual)","N/A","N/A","telangana.gov.in",""
"C","C4 - Economic Survey","Latest edition year","2025 (for 2024-25)","N/A","N/A","scribd.com/document/841214482/Socio-Economic-Outlook-2025","Tabled with Budget Feb 2025"
"C","C4 - Economic Survey","URL to latest edition","https://www.telangana.gov.in/wp-content/uploads/2024/07/Telangana-Socio-Economic-Outlook-2024.pdf","N/A","N/A","telangana.gov.in","2025 ed: scribd.com/document/841214482"
"C","C4 - Economic Survey","Published by","Directorate of Economics & Statistics + Planning Dept","N/A","N/A","ecostat.telangana.gov.in",""
"D","D1 - SDG Index","Composite SDG Score","74","9th jointly with Gujarat and AP","2023-24","sdgindiaindex.niti.gov.in (state URL: /state-compare?goal=AllGoal&area=IND036&timePeriod=2021); telanganatoday.com","Rank 1 = highest; Front-Runner (65-99); national avg 71; dashboard is JS-only"
"D","D1 - SDG Index","Goal 1 - No Poverty","91","2nd","2023-24","telanganatoday.com citing sdgindiaindex.niti.gov.in","Rank 1 = highest; national avg 72"
"D","D1 - SDG Index","Goal 2 - Zero Hunger","[UNCONFIRMED]","N/A","2023-24","sdgindiaindex.niti.gov.in (state code IND036)","Dashboard is JS-only; per-goal data not extractable via fetch"
"D","D1 - SDG Index","Goal 3 - Good Health & Well-Being","[UNCONFIRMED]","N/A","2023-24","sdgindiaindex.niti.gov.in (state code IND036)",""
"D","D1 - SDG Index","Goal 4 - Quality Education","[UNCONFIRMED]","N/A","2023-24","sdgindiaindex.niti.gov.in (state code IND036)",""
"D","D1 - SDG Index","Goal 5 - Gender Equality","[UNCONFIRMED]","N/A","2023-24","sdgindiaindex.niti.gov.in (state code IND036)","Likely lower given sex ratio at birth of 894"
"D","D1 - SDG Index","Goal 6 - Clean Water & Sanitation","90","[UNCONFIRMED rank]","2023-24","telanganatoday.com citing sdgindiaindex.niti.gov.in","Strong JJM coverage"
"D","D1 - SDG Index","Goal 7 - Affordable & Clean Energy","100","1st (joint with all states)","2023-24","telanganatoday.com citing sdgindiaindex.niti.gov.in","Achiever category; full electrification achieved"
"D","D1 - SDG Index","Goal 8 - Decent Work & Economic Growth","84","[UNCONFIRMED rank]","2023-24","telanganatoday.com citing sdgindiaindex.niti.gov.in","Above national avg"
"D","D1 - SDG Index","Goal 9 - Industry Innovation & Infra","[UNCONFIRMED]","N/A","2023-24","sdgindiaindex.niti.gov.in (state code IND036)",""
"D","D1 - SDG Index","Goal 10 - Reduced Inequalities","[UNCONFIRMED]","N/A","2023-24","sdgindiaindex.niti.gov.in (state code IND036)","Sharp district inequality: Rangareddy vs Vikarabad"
"D","D1 - SDG Index","Goal 11 - Sustainable Cities","[UNCONFIRMED]","N/A","2023-24","sdgindiaindex.niti.gov.in (state code IND036)",""
"D","D1 - SDG Index","Goal 12 - Responsible Consumption","[UNCONFIRMED]","N/A","2023-24","sdgindiaindex.niti.gov.in (state code IND036)",""
"D","D1 - SDG Index","Goal 13 - Climate Action","[UNCONFIRMED]","N/A","2023-24","sdgindiaindex.niti.gov.in (state code IND036)",""
"D","D1 - SDG Index","Goal 14 - Life Below Water","N/A","N/A","N/A","N/A","Not applicable - Telangana is landlocked"
"D","D1 - SDG Index","Goal 15 - Life on Land","[UNCONFIRMED]","N/A","2023-24","sdgindiaindex.niti.gov.in (state code IND036)",""
"D","D1 - SDG Index","Goal 16 - Peace Justice & Institutions","[UNCONFIRMED]","N/A","2023-24","sdgindiaindex.niti.gov.in (state code IND036)",""
"D","D1 - SDG Index","MPI Score","[UNCONFIRMED]","N/A","NITI Aayog MPI 2023","niti.gov.in","Goal 1 rank of 2nd implies very low poverty"
"D","D2 - Health Outcomes (SRS)","Infant Mortality Rate (per 1000 LB)","[UNCONFIRMED]","[UNCONFIRMED]","SRS Statistical Report (latest)","censusindia.gov.in/nada/index.php/catalog/SRS","SRS portal login-gated"
"D","D2 - Health Outcomes (SRS)","Neonatal Mortality Rate (per 1000 LB)","21","[UNCONFIRMED rank]","NFHS-5 (2019-21)","NITI Aayog SNP TG Report Table 5 - niti.gov.in/sites/default/files/2022-07/SNP_Telangana_Final_compressed (1).pdf","NFHS-5 indicator: Neonatal mortality rate; national avg 24.9"
"D","D2 - Health Outcomes (SRS)","Under-5 Mortality Rate (per 1000 LB)","22","Already attained SDG target of U5MR <=25","NFHS-5 (2019-21) / SRS 2021","pib.gov.in/PressReleaseIframePage.aspx?PRID=2128024; NITI Aayog SNP TG","Rank 1 = highest; confirmed via PIB citing SRS 2021"
"D","D2 - Health Outcomes (SRS)","Maternal Mortality Ratio (per 1L LB)","45","8th best (of 8 states having attained SDG target MMR <=70)","SRS MMR Bulletin (latest)","pib.gov.in/PressReleaseIframePage.aspx?PRID=2128024","Rank 1 = lowest MMR; SDG target achieved"
"D","D2 - Health Outcomes (SRS)","Total Fertility Rate","1.7","N/A","NFHS-5 (2019-21)","NITI Aayog SNP TG Report - niti.gov.in","Well below replacement level of 2.1"
"D","D2 - Health Outcomes (SRS)","Sex Ratio at Birth (females per 1000 males)","894","Among 3 worst in Phase-1 states","NFHS-5 (2019-21)","NITI Aayog SNP TG; prsindia.org NFHS-5 Vital Stats","Rank 1 = worst (lowest); one of 3 states below 900"
"D","D2 - Health Outcomes (SRS)","Life Expectancy at Birth (years)","[UNCONFIRMED]","N/A","SRS Statistical Report (latest)","censusindia.gov.in/nada/index.php/catalog/SRS","SRS portal login-gated"
"D","D2 - Health Outcomes (SRS)","Birth Rate (per 1000)","16.4","N/A","SRS 2020","cag.gov.in/uploads/download_audit_report/2022/04-Chapter-1-HEALTH-REPORT-066ac85e35b7411.28964780.pdf","National SRS 2020: 19.5; Telangana significantly below national avg"
"D","D2 - Health Outcomes (SRS)","Death Rate (per 1000)","6.0","N/A","SRS 2020","cag.gov.in/uploads/download_audit_report/2022/04-Chapter-1-HEALTH-REPORT-066ac85e35b7411.28964780.pdf","National SRS 2020: 6.0; Telangana at national average"
"D","D2 - Health Outcomes (NFHS-5)","Institutional Delivery (%)","93.6%","N/A","NFHS-5 (2019-21)","NITI Aayog SNP TG Report Table 5","Above national avg of 88.6%"
"D","D2 - Health Outcomes (NFHS-5)","Mothers with 4+ ANC visits (%)","70.4%","N/A","NFHS-5 (2019-21)","NITI Aayog SNP TG Report Table 5",""
"D","D2 - Health Outcomes (NFHS-5)","Full Immunisation Coverage (%)","72.4%","N/A","NFHS-5 (2019-21)","NITI Aayog SNP TG Report Table 5","National avg 77%"
"D","D3 - Nutrition (NFHS-5)","Stunting - children under 5 (%)","33% (up from 28% in NFHS-4; +5pp)","N/A","NFHS-5 (2019-21)","NITI Aayog SNP TG Report Fig 1 - niti.gov.in","Rank 1 = worst; 31/31 districts in concern zone"
"D","D3 - Nutrition (NFHS-5)","Wasting - children under 5 (%)","22% (up from 18% in NFHS-4; +4pp)","N/A","NFHS-5 (2019-21)","NITI Aayog SNP TG Report Fig 1","Rank 1 = worst"
"D","D3 - Nutrition (NFHS-5)","Underweight - children under 5 (%)","32% (up from 28% in NFHS-4; +4pp)","N/A","NFHS-5 (2019-21)","NITI Aayog SNP TG Report Fig 1","Rank 1 = worst; 30/31 districts in concern zone"
"D","D3 - Nutrition (NFHS-5)","Anaemia - children 6 to 59 months (%)","70% (up from 61% in NFHS-4; +9pp)","N/A","NFHS-5 (2019-21)","NITI Aayog SNP TG Report Fig 1","Rank 1 = worst; large deterioration"
"D","D3 - Nutrition (NFHS-5)","Anaemia - non-pregnant women 15 to 49 (%)","58% (up from 57% in NFHS-4)","N/A","NFHS-5 (2019-21)","NITI Aayog SNP TG Report Fig 1","National avg 57%"
"D","D3 - Nutrition (NFHS-5)","Anaemia - pregnant women (%)","53% (up from 48% in NFHS-4; +5pp)","N/A","NFHS-5 (2019-21)","NITI Aayog SNP TG Report Fig 1","National avg 52.2%"
"D","D2b - HH Conditions (NFHS-5)","HHs with electricity (%)","approx. 99%+ (district range: 99.2% to 99.9%)","N/A","NFHS-5 (2019-21)","NITI Aayog SNP TG District Table 3 (github.com/pratapvardhan/NFHS-5 district data)","State avg needs NFHS-5 factsheet directly; district data confirms near-universal"
"D","D2b - HH Conditions (NFHS-5)","HHs with improved drinking water source (%)","approx. 95-99% (district range: 95.7% to 99.6%)","N/A","NFHS-5 (2019-21)","NITI Aayog SNP TG District Table 3","State avg needs NFHS-5 factsheet directly"
"D","D2b - HH Conditions (NFHS-5)","HHs using improved sanitation facility (%)","[UNCONFIRMED state avg]","N/A","NFHS-5 (2019-21)","rchiips.org NFHS-5 TG factsheet OR dhsprogram.com/pubs/pdf/OF43/OF43.TG.pdf","Both PDFs blocked; TS recorded nearly 25pp increase vs NFHS-4 (PRS Vital Stats)"
"D","D2b - HH Conditions (NFHS-5)","HHs using clean cooking fuel (%)","approx. 80-99% by district","[UNCONFIRMED state avg]","NFHS-5 (2019-21)","NITI Aayog SNP TG District Table 3","Nearly 25pp increase vs NFHS-4; state avg needs factsheet"
"D","D2b - HH Conditions (NFHS-5)","Women who use a mobile phone (%) age 15-49","[UNCONFIRMED]","N/A","NFHS-5 (2019-21)","rchiips.org OR dhsprogram.com/pubs/pdf/OF43/OF43.TG.pdf","Both PDFs blocked in this session"
"D","D2b - HH Conditions (NFHS-5)","Women with bank/savings account they use (%) age 15-49","[UNCONFIRMED]","N/A","NFHS-5 (2019-21)","rchiips.org OR dhsprogram.com/pubs/pdf/OF43/OF43.TG.pdf","Both PDFs blocked in this session"
"D","D2b - HH Conditions (NFHS-5)","Children under 5 with birth registered (%)","approx. 83-94% (district range)","[UNCONFIRMED state avg]","NFHS-5 (2019-21)","github.com/pratapvardhan/NFHS-5 district data (Adilabad 83.9%; Hyderabad 94.3%)","State avg needs NFHS-5 factsheet directly"
"D","D4 - Education Outcomes (ASER 2024)","Std III-V: reading Std II text (%)","18%","N/A","ASER 2024 (rural survey)","asercentre.org; deccanchronicle.com citing ASER 2024","Rank 1 = lowest; 82% of Std III-V cannot read Std II text"
"D","D4 - Education Outcomes (ASER 2024)","Std III-V: doing at least subtraction (%)","49%","N/A","ASER 2024 (rural survey)","asercentre.org; deccanchronicle.com citing ASER 2024",""
"D","D4 - Education Outcomes (ASER 2024)","Std VIII: can do division (%)","41.1%","N/A","ASER 2024 (rural survey)","asercentre.org; telanganatoday.com citing ASER 2024","TS among states with declines in Std VIII outcomes"
"D","D4 - Education Outcomes","Literacy Rate - persons aged 7+ (%)","66.54%","N/A","Census 2011","censusindia.gov.in","Rank 1 = lowest; 4th lowest among large states"
"D","D4 - Education Outcomes","Female Literacy Rate - aged 7+ (%)","57.92%","N/A","Census 2011","censusindia.gov.in","2nd lowest rural women literacy among large states (53.7%)"
"D","D4 - Education Outcomes (UDISE+)","GER - Elementary (Classes 1-8)","[UNCONFIRMED]","N/A","UDISE+ 2023-24","udiseplus.gov.in",""
"D","D4 - Education Outcomes (UDISE+)","GER - Secondary (Classes 9-10)","[UNCONFIRMED]","N/A","UDISE+ 2023-24","udiseplus.gov.in",""
"D","D4 - Education Outcomes (UDISE+)","GER - Higher Secondary (Classes 11-12)","[UNCONFIRMED]","N/A","UDISE+ 2023-24","udiseplus.gov.in",""
"D","D4 - Education Outcomes (UDISE+)","Dropout rate - Secondary (Classes 9-12)","8% (boys 9.6%; girls 6.3%)","N/A","UDISE+ latest","udiseplus.gov.in; siasat.com","Rank 1 = highest"
"D","D4 - Education Outcomes (UDISE+)","Retention rate - primary","102.8%","N/A","UDISE+ 2023-24","udiseplus.gov.in; siasat.com",""
"D","D4 - Education Outcomes (UDISE+)","Retention rate - higher secondary","64.2%","N/A","UDISE+ 2023-24","udiseplus.gov.in; siasat.com","Sharp drop from primary"
"D","D5 - Beneficiary Populations","Functional Anganwadi Centres (AWCs)","35781 (31897 main + 4076 mini) in 149 ICDS Projects","N/A","Latest","wdcw.tg.nic.in",""
"D","D5 - Beneficiary Populations","Pregnant women per year (ANC registrations)","[UNCONFIRMED]","N/A","HMIS","hmis.nhp.gov.in","SNP: 770426 pregnant women 15-49 in 2019 projection"
"D","D5 - Beneficiary Populations","Children under 6 (ICDS universe)","[UNCONFIRMED]","N/A","poshantracker.in","poshantracker.in","SNP 2019 projection: 2754280 children under 5"
"D","D5 - Beneficiary Populations","Total enrolled students - Govt schools","2779713","N/A","UDISE+ 2023-24","udiseplus.gov.in; siasat.com","Declined from 3303699 in 2021-22"
"D","D5 - Beneficiary Populations","Total enrolled students - Private schools","4431380","N/A","UDISE+ 2023-24","udiseplus.gov.in; siasat.com","Surge from 3514338 in 2021-22"
"D","D5 - Beneficiary Populations","PM Poshan (MDM) - children covered","[UNCONFIRMED]","N/A","pmposhan.edu.in","pmposhan.edu.in",""
"E","E1 - Health Infrastructure","No. of Sub-Centres (public)","4745 (as of 31 Mar 2022); 3206 converted to AB-HWCs","[UNCONFIRMED rank]","Health Dynamics of India 2022-23","CAG Telangana Health Report Table 5.2 - cag.gov.in/uploads/download_audit_report/2022/07-Chapter-5-HEALTH-REPORT-066ac85e376bcf6.13352761.pdf","29% shortfall vs required 7001"
"E","E1 - Health Infrastructure","No. of PHCs (public)","868 total (636 rural PHCs + 232 UPHCs) as of 31 Mar 2022","[UNCONFIRMED rank]","Health Dynamics of India 2022-23","CAG Telangana Health Report Table 5.2","25% shortfall vs required 1164"
"E","E1 - Health Infrastructure","No. of CHCs (public)","90 as of 31 Mar 2022","[UNCONFIRMED rank]","Health Dynamics of India 2022-23","CAG Telangana Health Report Table 5.2","69% shortfall vs required 292; 3 districts had no CHC"
"E","E1 - Health Infrastructure","No. of District Hospitals and GGHs (public)","14 District Hospitals + 18 Government General Hospitals (Teaching) = 32 secondary facilities","N/A","Health Dynamics of India 2022-23","CAG Telangana Health Report para 5.2.2","Every district served by DH or GGH or Super-Speciality Hospital"
"E","E1 - Health Infrastructure","No. of Govt hospital beds","27996 as of 2021-22","[UNCONFIRMED rank]","Health Dynamics of India 2022-23","CAG Telangana Health Report Table 5.4","0.80 beds per 1000 vs required 1.0; shortfall of 7008 beds"
"E","E1 - Health Infrastructure","No. of Private Hospitals / Nursing Homes","[UNCONFIRMED]","N/A","Health Dynamics of India 2022-23","mohfw.gov.in (PDF blocked in this session)","Hyderabad is major national private healthcare hub"
"E","E2 - Education Infrastructure","No. of Government / Govt-aided Schools","30022","N/A","UDISE+ 2023-24","udiseplus.gov.in; siasat.com","Increased from 29268 in 2014-15"
"E","E2 - Education Infrastructure","No. of Private Unaided Schools","12126","N/A","UDISE+ 2023-24","udiseplus.gov.in; siasat.com","Declined from 15069 in 2014-15"
"E","E2 - Education Infrastructure","Govt schools with fewer than 30 enrolled students","[UNCONFIRMED]","N/A","UDISE+ 2023-24","udiseplus.gov.in","Requires UDISE+ state report card download"
"E","E2 - Education Infrastructure","No. of multigrade teaching govt schools","[UNCONFIRMED]","N/A","UDISE+ 2023-24","udiseplus.gov.in",""
"E","E3 - Connectivity","% HHs with tap water connection (JJM)","[UNCONFIRMED]","N/A","eJalShakti dashboard","ejalshakti.gov.in/jjmreport","SDG Goal 6 score of 90 implies strong coverage"
"E","E3 - Connectivity","% Villages electrified","approx. 100%","N/A","SDG Goal 7 score 100/100; ASER 2024: 91.1% of schools have electricity","saubhagya.gov.in; ASER 2024","Full electrification confirmed"
"E","E3 - Connectivity","NH length in state (km)","[UNCONFIRMED]","N/A","MoRTH","morth.nic.in",""
"E","E3 - Connectivity","No. of functional airports","3 (Hyderabad RGIA; Ramagundam; Warangal)","N/A","AAI","aai.aero","RGIA is a major international hub"
"E","E3 - Connectivity","Internet penetration","[UNCONFIRMED]","N/A","TRAI","trai.gov.in","ASER 2024: only 9% of schools have computers vs 27.4% national avg"
"F","F1 - NITI Aayog Programmes","No. of Aspirational Districts (ADP)","3","N/A","2018 to present","niti.gov.in; telanganatoday.com",""
"F","F1 - NITI Aayog Programmes","Names of Aspirational Districts","Kumuram Bheem Asifabad | Jayashankar Bhupalpally | Bhadradri Kothagudem","N/A","N/A","niti.gov.in","Khammam originally selected; replaced by Bhadradri Kothagudem"
"F","F1 - NITI Aayog Programmes","No. of Aspirational Blocks (ABP)","9","N/A","January 2023 to present","abp.championsofchange.gov.in",""
"F","F1 - NITI Aayog Programmes","Names of Aspirational Blocks (partial)","Tiriyani (Kumuram Bheem Asifabad - ranked 1st nationally) | Narnoor (Adilabad) | Pembi (Nirmal) | 6 further blocks","N/A","January 2023","abp.championsofchange.gov.in; pib.gov.in/PressReleaseIframePage.aspx?PRID=1983707","Full list at abp.championsofchange.gov.in"
"F","F2 - Governance Institutions","Remote Sensing Agency","Yes - TRAC (Telangana Remote Sensing Application Centre)","N/A","Active","telangana.gov.in/departments/planning","Under Planning Dept; nodal for RS & GIS services"
"F","F2 - Governance Institutions","State Planning Commission / Board","Yes - Telangana State Planning Board","N/A","Constituted 2014","telangana.gov.in","Chaired by CM; Finance Minister ex-officio VC"
"F","F2 - Governance Institutions","State Data Centre","Yes - state SDC under IT Dept","N/A","Active","it.telangana.gov.in/initiatives/sdc/","Also NIC state centre in Hyderabad"
"F","F2 - Governance Institutions","SDG Dashboard (public)","[UNCONFIRMED] No standalone public dashboard found","N/A","N/A","telangana.gov.in/departments/planning","Planning Dept is nodal for SDGs"
"F","F2 - Governance Institutions","CM Fellowship / Young Professionals Programme","Yes - Kakatiya Governance Fellowship","N/A","Active","telangana.gov.in/departments/planning","17 fellows under TGDPS; deployed across 9 departments"
"F","F2 - Governance Institutions","Dedicated Data Analytics Unit (DAU)","[UNCONFIRMED] No standalone DAU found","N/A","N/A","telangana.gov.in","TGDPS and Planning Dept perform analytical functions"
"F","F2 - Governance Institutions","Integrated State Resident Dataset","Yes - Samagra Vedika","N/A","approx. 2018 to present","cgg.gov.in","Pioneering state-level integrated welfare database"
"F","F2 - Governance Institutions","State Transformation Institution","Yes - Centre for Good Governance (CGG)","N/A","Established 2001","cgg.gov.in","Policy research | capacity building | e-governance advisory; dual role"
"F","F2 - Governance Institutions","State Technology / e-Governance Society","Yes - Centre for Good Governance (CGG) - cgg.gov.in","N/A","Established 2001","cgg.gov.in","CGG serves both roles; originally served undivided AP"
"F","F2 - Governance Institutions","CM Economic / Advisory Council","[UNCONFIRMED] No formal EAC found","N/A","May 2025","N/A","No gazette notification; PM EAC Chair met CM informally"
"F","F2 - Governance Institutions","State Finance Commission","[UNCONFIRMED - last report year]","N/A","N/A","Telangana Finance Dept",""
"F","F2 - Governance Institutions","State budget on public portal","Yes","N/A","Annual","telangana.gov.in/telangana-budget-2024-2025",""
"F","F2 - Governance Institutions","Regional Development / Planning Boards","No - none found","N/A","May 2025","Search confirmed absence","Backward area addressed via Section 94(2) AP Reorganisation Act 2014"
"F","F2 - Governance Institutions","Out-of-budget / Challenge Fund","Yes - SERP Challenge Fund (Rs 12.66 crore for SHG and women-led rural enterprises)","N/A","Launched March 2026","fortuneindia.com/business-news/telangana-launches-1266-crore-challenge-fund/130857","Run by SERP; NRLM-backed; across all 33 districts"
"F","F2 - Governance Institutions","Training Institute for Govt Employees","Yes - Dr. MCR HRD Institute of Telangana (MCRHRDI)","N/A","Established 1976","mcrhrdi.gov.in","Apex Administrative Training Institute; NABET-accredited Excellent"
"F","F2 - Governance Institutions","e-Procurement Policy / Portal","Yes - mandatory; 2023 GO mandates use of state portal exclusively","N/A","Policy 2014; updated 2023","eprocurement.telangana.gov.in","All depts required to use state portal exclusively"
"F","F2 - Governance Institutions","Unified Grievance Mechanism","Yes - Prajavani","N/A","Active","cpgrams.ts.nic.in; prajavani.cgg.gov.in","PGRAMS-integrated; being expanded to mandal level (2025)"
"F","F2 - Governance Institutions","Vision 2047 Document","Yes - Telangana Rising 2047","N/A","Released 9 December 2024","telanganarising2047.org","Target: $3 trillion SGDP by 2047; $1 trillion by 2034"
"SUMMARY","Strengths","What Telangana does well (relative to national avg)","Telangana ranks 5th nationally on per capita GSDP (Rs 420347 in 2024-25; 1.8x national avg) and 8th on total GSDP with 6.8% real growth exceeding national 6.5%. Composite SDG score 74 ranks 9th nationally (national avg 71) with standout scores: Goal 7 Clean Energy (100/100; Achiever; 1st jointly) and Goal 1 No Poverty (91/100; 2nd nationally). LFPR at 68.7% exceeds national avg 64.3%. Own tax revenue at 6.8% of GSDP is among the highest of general category states. Revenue balance turned surplus in 2026-27 BE. Institutional infrastructure - Samagra Vedika | CGG | TRAC | Kakatiya Governance Fellowship | MCRHRDI | Prajavani | Telangana Rising 2047 | SEEEPC caste survey (96.9% HH coverage) - places it among the strongest governance systems nationally. MMR of 45 is among 8 states to have attained SDG target of MMR <=70.","N/A","N/A","Synthesised from indicators in this profile only",""
"SUMMARY","Gaps","Areas where Telangana lags (relative to national avg)","Telangana is among 6 states recording statistically significant increase (>=3pp) in child stunting between NFHS-4 and NFHS-5 (28% to 33%). Child anaemia worsened sharply to 70% (+9pp) - all 31 districts in public health concern zone. Female literacy at 57.92% (Census 2011) is among the lowest of large states. ASER 2024: only 18% of Std III-V students can read Std II text. Enrolled students in govt schools fell from 33 lakh (2021-22) to 27.8 lakh (2023-24) - sharp migration to private. Fiscal deficit at 3.0% GSDP is at FRBM ceiling; outstanding liabilities 28.7% GSDP; outstanding guarantees to PSEs equal 14% GSDP (Rs 241743 crore). Sex ratio at birth 894 is one of 3 states below 900. Health infrastructure has significant shortfalls: CHCs are at 69% shortfall vs norm; hospital beds at 0.80 per 1000 vs required 1.0.","N/A","N/A","Synthesised from indicators in this profile only",""
